{
    "abc.vom-stausee.de": {
        "pruning": "-",
        "version": "1.1",
        "t": "52001",
        "s": "52002"
    },
    "abc1.hsmiths.com": {
        "pruning": "-",
        "version": "1.1",
        "t": "60001",
        "s": "60002"
    },
    "bch.arihanc.com": {
        "pruning": "-",
        "version": "1.1",
        "t":"52001",
        "s":"52002"
    },
    "35.157.238.5": {
        "pruning": "-",
        "version": "1.1",
        "t":"51001",
        "s":"51002"
    },
    "electrumx-cash.1209k.com": {
        "pruning": "-",
        "version": "1.1",
        "t":"51001",
        "s":"51002"
    },
    "shsmithgoggryfbx.onion": {
        "pruning": "-",
        "version": "1.1",
        "t": "60001",
        "s": "60002"
    },
    "mash.1209k.com": {
        "pruning": "-",
        "version": "1.1",
        "t":"51001",
        "s":"51002"
    },
    "electroncash.bitcoinplug.com": {
        "pruning": "-",
        "version": "1.1",
        "t":"51001",
        "s":"51002"
    },
    "bch.curalle.ovh": {
        "pruning": "-",
        "version": "1.1",
        "t":"51001",
        "s":"51002"
    },
    "electron.ueo.ch": {
        "pruning": "-",
        "version": "1.1",
        "t":"51001",
        "s":"51002"
    },
    "electron-cash.dragon.zone": {
        "pruning": "-",
        "version": "1.1",
        "t":"51001",
        "s":"51002"
    },
    "electroncash.cascharia.com": {
        "pruning": "-",
        "version": "1.1",
        "s": "50002"
    },
    "abc.nyaa.in": {
        "pruning": "-",
        "version": "1.1",
        "t":"50001",
        "s":"50002"
    }
}
